{"77":{"weak_foot":3.7272727273,"skill_moves":3.3636363636,"pace":71.0,"shooting":76.0909090909,"passing":65.0909090909,"dribbling":74.6363636364,"defending":34.0909090909,"physic":73.1818181818,"attack":70.9090909091,"skill":65.9272727273,"movement":72.2363636364,"power":74.8727272727,"mentality":65.0757575758},"78":{"weak_foot":3.4090909091,"skill_moves":3.3636363636,"pace":72.3181818182,"shooting":76.5227272727,"passing":66.5681818182,"dribbling":75.4090909091,"defending":37.7727272727,"physic":73.0,"attack":71.4818181818,"skill":67.6318181818,"movement":71.7909090909,"power":73.5681818182,"mentality":66.3371212121},"79":{"weak_foot":3.5,"skill_moves":3.5,"pace":76.975,"shooting":77.6,"passing":67.275,"dribbling":77.15,"defending":36.975,"physic":73.1,"attack":72.6,"skill":68.735,"movement":74.97,"power":75.425,"mentality":66.7875},"80":{"weak_foot":3.5185185185,"skill_moves":3.6666666667,"pace":75.2592592593,"shooting":79.2592592593,"passing":68.8148148148,"dribbling":77.1851851852,"defending":41.1111111111,"physic":75.2592592593,"attack":73.8888888889,"skill":69.562962963,"movement":73.1037037037,"power":75.6074074074,"mentality":68.2098765432},"81":{"weak_foot":3.6153846154,"skill_moves":3.5384615385,"pace":78.0,"shooting":79.6153846154,"passing":67.5384615385,"dribbling":77.4615384615,"defending":38.6153846154,"physic":73.5384615385,"attack":74.0461538462,"skill":69.0615384615,"movement":75.9538461538,"power":75.8,"mentality":67.7692307692},"82":{"weak_foot":3.5882352941,"skill_moves":3.3529411765,"pace":75.0,"shooting":80.7647058824,"passing":69.5882352941,"dribbling":77.9411764706,"defending":43.5882352941,"physic":76.0588235294,"attack":75.6588235294,"skill":70.4705882353,"movement":73.4117647059,"power":76.7529411765,"mentality":70.4019607843},"83":{"weak_foot":3.6315789474,"skill_moves":3.5789473684,"pace":78.9473684211,"shooting":82.3684210526,"passing":70.3157894737,"dribbling":80.5263157895,"defending":38.1052631579,"physic":72.1052631579,"attack":76.3789473684,"skill":72.2631578947,"movement":77.6,"power":76.2947368421,"mentality":69.0350877193},"84":{"weak_foot":3.75,"skill_moves":3.25,"pace":66.5,"shooting":82.0,"passing":77.5,"dribbling":80.0,"defending":48.75,"physic":74.25,"attack":78.95,"skill":76.05,"movement":68.85,"power":74.85,"mentality":73.4583333333},"85":{"weak_foot":3.7142857143,"skill_moves":3.5714285714,"pace":75.2857142857,"shooting":84.0,"passing":74.5714285714,"dribbling":79.8571428571,"defending":38.2857142857,"physic":71.0,"attack":78.6571428571,"skill":75.6571428571,"movement":75.1142857143,"power":76.8571428571,"mentality":70.5},"86":{"weak_foot":4.0,"skill_moves":3.6666666667,"pace":79.6666666667,"shooting":84.0,"passing":72.6666666667,"dribbling":84.6666666667,"defending":46.6666666667,"physic":76.0,"attack":78.4,"skill":74.8,"movement":80.4,"power":79.1333333333,"mentality":74.7222222222},"87":{"weak_foot":4.0,"skill_moves":4.0,"pace":84.3333333333,"shooting":81.3333333333,"passing":81.6666666667,"dribbling":89.3333333333,"defending":36.3333333333,"physic":59.0,"attack":76.6666666667,"skill":82.8,"movement":85.6,"power":70.2666666667,"mentality":69.8333333333},"88":{"weak_foot":4.0,"skill_moves":3.6666666667,"pace":84.6666666667,"shooting":86.3333333333,"passing":77.0,"dribbling":82.0,"defending":45.6666666667,"physic":72.6666666667,"attack":81.0,"skill":78.0666666667,"movement":81.4,"power":80.4,"mentality":74.5},"89":{"weak_foot":3.8333333333,"skill_moves":3.8333333333,"pace":79.5,"shooting":87.8333333333,"passing":78.6666666667,"dribbling":86.1666666667,"defending":44.6666666667,"physic":78.3333333333,"attack":83.0666666667,"skill":80.7666666667,"movement":82.8666666667,"power":82.1,"mentality":75.8888888889},"90":{"weak_foot":3.0,"skill_moves":4.0,"pace":93.0,"shooting":86.0,"passing":81.0,"dribbling":89.0,"defending":45.0,"physic":74.0,"attack":78.2,"skill":81.0,"movement":91.4,"power":78.2,"mentality":77.0},"93":{"weak_foot":4.0,"skill_moves":5.0,"pace":90.0,"shooting":93.0,"passing":82.0,"dribbling":89.0,"defending":35.0,"physic":78.0,"attack":87.4,"skill":83.0,"movement":86.8,"power":89.2,"mentality":74.8333333333},"94":{"weak_foot":4.0,"skill_moves":4.0,"pace":87.0,"shooting":92.0,"passing":92.0,"dribbling":96.0,"defending":39.0,"physic":66.0,"attack":86.6,"skill":94.4,"movement":91.6,"power":78.2,"mentality":74.5}}