{"weak_foot":{"77":3.7272727273,"78":3.4090909091,"79":3.5,"80":3.5185185185,"81":3.6153846154,"82":3.5882352941,"83":3.6315789474,"84":3.75,"85":3.7142857143,"86":4.0,"87":4.0,"88":4.0,"89":3.8333333333,"90":3.0,"93":4.0,"94":4.0},"skill_moves":{"77":3.3636363636,"78":3.3636363636,"79":3.5,"80":3.6666666667,"81":3.5384615385,"82":3.3529411765,"83":3.5789473684,"84":3.25,"85":3.5714285714,"86":3.6666666667,"87":4.0,"88":3.6666666667,"89":3.8333333333,"90":4.0,"93":5.0,"94":4.0},"pace":{"77":71.0,"78":72.3181818182,"79":76.975,"80":75.2592592593,"81":78.0,"82":75.0,"83":78.9473684211,"84":66.5,"85":75.2857142857,"86":79.6666666667,"87":84.3333333333,"88":84.6666666667,"89":79.5,"90":93.0,"93":90.0,"94":87.0},"shooting":{"77":76.0909090909,"78":76.5227272727,"79":77.6,"80":79.2592592593,"81":79.6153846154,"82":80.7647058824,"83":82.3684210526,"84":82.0,"85":84.0,"86":84.0,"87":81.3333333333,"88":86.3333333333,"89":87.8333333333,"90":86.0,"93":93.0,"94":92.0},"passing":{"77":65.0909090909,"78":66.5681818182,"79":67.275,"80":68.8148148148,"81":67.5384615385,"82":69.5882352941,"83":70.3157894737,"84":77.5,"85":74.5714285714,"86":72.6666666667,"87":81.6666666667,"88":77.0,"89":78.6666666667,"90":81.0,"93":82.0,"94":92.0},"dribbling":{"77":74.6363636364,"78":75.4090909091,"79":77.15,"80":77.1851851852,"81":77.4615384615,"82":77.9411764706,"83":80.5263157895,"84":80.0,"85":79.8571428571,"86":84.6666666667,"87":89.3333333333,"88":82.0,"89":86.1666666667,"90":89.0,"93":89.0,"94":96.0},"defending":{"77":34.0909090909,"78":37.7727272727,"79":36.975,"80":41.1111111111,"81":38.6153846154,"82":43.5882352941,"83":38.1052631579,"84":48.75,"85":38.2857142857,"86":46.6666666667,"87":36.3333333333,"88":45.6666666667,"89":44.6666666667,"90":45.0,"93":35.0,"94":39.0},"physic":{"77":73.1818181818,"78":73.0,"79":73.1,"80":75.2592592593,"81":73.5384615385,"82":76.0588235294,"83":72.1052631579,"84":74.25,"85":71.0,"86":76.0,"87":59.0,"88":72.6666666667,"89":78.3333333333,"90":74.0,"93":78.0,"94":66.0},"attack":{"77":70.9090909091,"78":71.4818181818,"79":72.6,"80":73.8888888889,"81":74.0461538462,"82":75.6588235294,"83":76.3789473684,"84":78.95,"85":78.6571428571,"86":78.4,"87":76.6666666667,"88":81.0,"89":83.0666666667,"90":78.2,"93":87.4,"94":86.6},"skill":{"77":65.9272727273,"78":67.6318181818,"79":68.735,"80":69.562962963,"81":69.0615384615,"82":70.4705882353,"83":72.2631578947,"84":76.05,"85":75.6571428571,"86":74.8,"87":82.8,"88":78.0666666667,"89":80.7666666667,"90":81.0,"93":83.0,"94":94.4},"movement":{"77":72.2363636364,"78":71.7909090909,"79":74.97,"80":73.1037037037,"81":75.9538461538,"82":73.4117647059,"83":77.6,"84":68.85,"85":75.1142857143,"86":80.4,"87":85.6,"88":81.4,"89":82.8666666667,"90":91.4,"93":86.8,"94":91.6},"power":{"77":74.8727272727,"78":73.5681818182,"79":75.425,"80":75.6074074074,"81":75.8,"82":76.7529411765,"83":76.2947368421,"84":74.85,"85":76.8571428571,"86":79.1333333333,"87":70.2666666667,"88":80.4,"89":82.1,"90":78.2,"93":89.2,"94":78.2},"mentality":{"77":65.0757575758,"78":66.3371212121,"79":66.7875,"80":68.2098765432,"81":67.7692307692,"82":70.4019607843,"83":69.0350877193,"84":73.4583333333,"85":70.5,"86":74.7222222222,"87":69.8333333333,"88":74.5,"89":75.8888888889,"90":77.0,"93":74.8333333333,"94":74.5}}